{"cameraMode":{"drawMode":0,"name":"Shaded","section":"Shading Mode"},"sceneLighting":false,"audioPlay":false,"sceneViewState":{"m_AlwaysRefresh":false,"showFog":true,"showSkybox":false,"showFlares":true,"showImageEffects":true,"showParticleSystems":true,"showVisualEffectGraphs":true,"m_FxEnabled":true},"in2DMode":false,"pivot":{"x":0.7627243399620056,"y":2.3714940547943117,"z":-8.561746597290039},"rotation":{"x":0.000847386778332293,"y":-0.9968097805976868,"z":0.07972452044487,"w":0.00989513285458088},"size":0.41700199246406557,"orthographic":false}