{"cameraMode":{"drawMode":0,"name":"Shaded","section":"Shading Mode"},"sceneLighting":false,"audioPlay":false,"sceneViewState":{"m_AlwaysRefresh":false,"showFog":true,"showSkybox":false,"showFlares":true,"showImageEffects":true,"showParticleSystems":true,"showVisualEffectGraphs":true,"m_FxEnabled":true},"in2DMode":false,"pivot":{"x":-0.8539645671844482,"y":0.2742169499397278,"z":-3.236527442932129},"rotation":{"x":0.00450883898884058,"y":0.9758733510971069,"z":-0.21751926839351655,"w":0.02050689049065113},"size":4.067844867706299,"orthographic":false}